Player,Pos
Quincy Acy,PF
Jordan Adams,SG
Steven Adams,C
Arron Afflalo,SG
Alexis Ajinca,C
Cole Aldrich,C
LaMarcus Aldridge,PF
Cliff Alexander,PF
Lavoy Allen,PF
Tony Allen,SG
Al-Farouq Aminu,SF
Lou Amundson,PF
Chris Andersen,C
Chris Andersen,C
Chris Andersen,C
Alan Anderson,SG
James Anderson,SG
Justin Anderson,SF
Kyle Anderson,SF
Ryan Anderson,PF
Giannis Antetokounmpo,PG
Thanasis Antetokounmpo,SF
Carmelo Anthony,SF
Joel Anthony,C
Keith Appling,PG
Trevor Ariza,SF
Darrell Arthur,PF
Omer Asik,C
D.J. Augustin,PG
D.J. Augustin,PG
D.J. Augustin,PG
Jeff Ayres,C
Luke Babbitt,SF
Cameron Bairstow,C
Leandro Barbosa,SG
J.J. Barea,PG
Andrea Bargnani,C
Harrison Barnes,SF
Matt Barnes,SF
Will Barton,SG
Brandon Bass,PF
Nicolas Batum,SF
Jerryd Bayless,SG
Aron Baynes,C
Kent Bazemore,SF
Bradley Beal,SG
Michael Beasley,SF
Marco Belinelli,SG
Anthony Bennett,PF
Patrick Beverley,PG
Bismack Biyombo,C
Nemanja Bjelica,PF
Tarik Black,C
DeJuan Blair,C
Steve Blake,PG
Eric Bledsoe,PG
Bojan Bogdanovic,SF
Andrew Bogut,C
Matt Bonner,C
Devin Booker,SG
Trevor Booker,PF
Chris Bosh,PF
Avery Bradley,SG
Elton Brand,C
Corey Brewer,SF
Aaron Brooks,PG
Anthony Brown,SF
Lorenzo Brown,PG
Markel Brown,SG
Kobe Bryant,SF
Chase Budinger,SF
Chase Budinger,SF
Chase Budinger,SF
Reggie Bullock,SF
Trey Burke,PG
Alec Burks,SG
Caron Butler,SF
Jimmy Butler,SG
Rasual Butler,SF
Bruno Caboclo,SF
Jose Calderon,PG
Kentavious Caldwell-Pope,SG
Isaiah Canaan,SG
Clint Capela,C
DeMarre Carroll,SF
Vince Carter,SG
Michael Carter-Williams,PG
Omri Casspi,SF
Willie Cauley-Stein,C
Mario Chalmers,PG
Mario Chalmers,PG
Mario Chalmers,PG
Tyson Chandler,C
Rakeem Christmas,PF
Ian Clark,SG
Coty Clarke,SF
Jordan Clarkson,SG
Norris Cole,PG
Darren Collison,PG
Nick Collison,PF
Mike Conley,PG
Pat Connaughton,SG
Chris Copeland,PF
Bryce Cotton,PG
Bryce Cotton,PG
Bryce Cotton,PG
DeMarcus Cousins,C
Robert Covington,SF
Allen Crabbe,SG
Jamal Crawford,SG
Jae Crowder,SF
Dante Cunningham,SF
Jared Cunningham,SG
Jared Cunningham,SG
Jared Cunningham,SG
Seth Curry,PG
Stephen Curry,PG
Troy Daniels,SG
Anthony Davis,C
Ed Davis,PF
Branden Dawson,PF
Dewayne Dedmon,C
Bryce Dejean-Jones,SG
Sam Dekker,SF
Matthew Dellavedova,PG
Luol Deng,PF
DeMar DeRozan,SG
Boris Diaw,PF
Gorgui Dieng,C
Spencer Dinwiddie,PG
Toney Douglas,PG
Goran Dragic,PG
Andre Drummond,C
Jared Dudley,PF
Duje Dukan,SF
Tim Duncan,C
Mike Dunleavy,SF
Kevin Durant,SF
Cleanthony Early,SF
Jarell Eddie,SF
Wayne Ellington,SG
Monta Ellis,SG
James Ennis,SF
James Ennis,SF
James Ennis,SF
James Ennis,SF
Tyler Ennis,PG
Jeremy Evans,SF
Tyreke Evans,SG
Festus Ezeli,C
Kenneth Faried,PF
Jordan Farmar,PG
Derrick Favors,PF
Cristiano Felicio,C
Raymond Felton,PG
Evan Fournier,SF
Randy Foye,SG
Randy Foye,SG
Randy Foye,SG
Tim Frazier,PG
Tim Frazier,PG
Tim Frazier,PG
Jimmer Fredette,SG
Jimmer Fredette,SG
Jimmer Fredette,SG
Channing Frye,PF-C
Channing Frye,PF
Channing Frye,C
Danilo Gallinari,SF
Langston Galloway,PG
Kevin Garnett,PF
Marc Gasol,C
Pau Gasol,C
Rudy Gay,SF
Alonzo Gee,SF
Paul George,SF
Taj Gibson,PF
Manu Ginobili,SG
Rudy Gobert,C
Drew Gooden,PF
Archie Goodwin,PG
Aaron Gordon,PF
Eric Gordon,SG
Marcin Gortat,C
Andrew Goudelock,PG
Jerami Grant,SF
Jerian Grant,PG
Danny Green,SG
Draymond Green,PF
Erick Green,PG
Erick Green,PG
Erick Green,PG
Gerald Green,SG
JaMychal Green,PF
Jeff Green,SF
Jeff Green,SF
Jeff Green,SF
Blake Griffin,PF
Jorge Gutierrez,PG
P.J. Hairston,SF
P.J. Hairston,SF
P.J. Hairston,SF
Jordan Hamilton,SF
Tyler Hansbrough,PF
Tim Hardaway,SG
James Harden,SG
Maurice Harkless,SF
Justin Harper,PF
Montrezl Harrell,PF
Devin Harris,PG
Gary Harris,SG
Joe Harris,SG
Tobias Harris,PF
Tobias Harris,PF
Tobias Harris,PF
Aaron Harrison,SG
Udonis Haslem,PF
Spencer Hawes,PF
Chuck Hayes,C
Gordon Hayward,SF
Gerald Henderson,SG
John Henson,C
Mario Hezonja,SF
Roy Hibbert,C
J.J. Hickson,C
J.J. Hickson,C
J.J. Hickson,C
Nene Hilario,PF
George Hill,PG
Jordan Hill,C
Solomon Hill,SF
Darrun Hilliard,SG
Kirk Hinrich,PG
Kirk Hinrich,PG
Kirk Hinrich,PG
Jrue Holiday,PG
Justin Holiday,SG
Justin Holiday,SG
Justin Holiday,SG
Ryan Hollins,C
Ryan Hollins,C
Ryan Hollins,C
Rondae Hollis-Jefferson,SF
Richaun Holmes,PF
Rodney Hood,SG
Al Horford,C
Dwight Howard,C
Marcelo Huertas,PG
Josh Huestis,PF
Kris Humphries,PF
Kris Humphries,PF
Kris Humphries,PF
Kris Humphries,PF
R.J. Hunter,SG
Serge Ibaka,PF
Andre Iguodala,SF
Ersan Ilyasova,PF
Ersan Ilyasova,PF
Ersan Ilyasova,PF
Joe Ingles,SF
Damien Inglis,SF
Kyrie Irving,PG
Jarrett Jack,PG
Reggie Jackson,PG
LeBron James,SF
Al Jefferson,C
Cory Jefferson,PF
Richard Jefferson,SF
John Jenkins,SG
John Jenkins,SG
John Jenkins,SG
Brandon Jennings,PG
Brandon Jennings,PG
Brandon Jennings,PG
Jonas Jerebko,PF
Amir Johnson,PF
Chris Johnson,SF
James Johnson,PF
Joe Johnson,SF
Joe Johnson,SF
Joe Johnson,SF
Orlando Johnson,SG
Orlando Johnson,SG
Orlando Johnson,SG
Stanley Johnson,SF
Tyler Johnson,SG
Wesley Johnson,SF
Nikola Jokic,C
Dahntay Jones,SF
James Jones,SF
Terrence Jones,PF
Tyus Jones,PG
DeAndre Jordan,C
Cory Joseph,SG
Chris Kaman,C
Frank Kaminsky,C
Enes Kanter,C
Sergey Karasev,SF
Sasha Kaun,C
Ryan Kelly,PF
Michael Kidd-Gilchrist,SF
Sean Kilpatrick,SG
Sean Kilpatrick,SG
Sean Kilpatrick,SG
Brandon Knight,SG
Kyle Korver,SG
Kosta Koufos,C
Jeremy Lamb,SG
Carl Landry,PF
Shane Larkin,PG
Joffrey Lauvergne,C
Zach LaVine,SG
Ty Lawson,PG
Ty Lawson,PG
Ty Lawson,PG
Courtney Lee,SG
Courtney Lee,SG
Courtney Lee,SG
David Lee,PF
David Lee,PF
David Lee,PF
Alex Len,C
Kawhi Leonard,SF
Meyers Leonard,PF
Jon Leuer,PF
Damian Lillard,PG
Jeremy Lin,SG
Shaun Livingston,PG
Kevon Looney,PF
Brook Lopez,C
Robin Lopez,C
Kevin Love,PF
Kyle Lowry,PG
Trey Lyles,PF
Shelvin Mack,PG
Shelvin Mack,PG
Shelvin Mack,PG
Ian Mahinmi,C
Devyn Marble,SG
Boban Marjanovic,C
Kendall Marshall,PG
Jarell Martin,PF
Kevin Martin,SG
Kevin Martin,SG
Kevin Martin,SG
Wesley Matthews,SF
O.J. Mayo,SG
Luc Mbah a Moute,PF
James Michael McAdoo,PF
Ray McCallum,PG
Ray McCallum,PG
Ray McCallum,PG
C.J. McCollum,SG
T.J. McConnell,PG
Chris McCullough,PF
K.J. McDaniels,SF
Doug McDermott,SF
Mitch McGary,PF
JaVale McGee,C
Ben McLemore,SG
Jordan McRae,PG
Jordan McRae,PG
Jordan McRae,PG
Josh McRoberts,PF
Jodie Meeks,SG
Salah Mejri,C
Jordan Mickey,PF
Khris Middleton,SG
C.J. Miles,SF
Andre Miller,PG
Andre Miller,PG
Andre Miller,PG
Mike Miller,SF
Patty Mills,PG
Elijah Millsap,SG
Paul Millsap,PF
Nikola Mirotic,PF
Nazr Mohammed,C
Greg Monroe,C
Luis Montero,SG
E'Twaun Moore,SG
Eric Moreland,PF
Marcus Morris,SF
Markieff Morris,PF
Markieff Morris,PF
Markieff Morris,PF
Anthony Morrow,SG
Donatas Motiejunas,PF
Timofey Mozgov,C
Emmanuel Mudiay,PG
Shabazz Muhammad,SF
Xavier Munford,SG
Mike Muscala,C
Larry Nance Jr.,PF
Shabazz Napier,PG
Gary Neal,SG
Jameer Nelson,PG
Raul Neto,PG
Andrew Nicholson,PF
Joakim Noah,C
Nerlens Noel,C
Lucas Nogueira,C
Steve Novak,PF
Steve Novak,PF
Steve Novak,PF
Dirk Nowitzki,PF
Jusuf Nurkic,C
J.J. O'Brien,SF
Johnny O'Bryant,PF
Kyle O'Quinn,PF
Jahlil Okafor,C
Victor Oladipo,SG
Kelly Olynyk,C
Kelly Oubre,SF
Zaza Pachulia,C
Kostas Papanikolaou,SF
Jabari Parker,PF
Tony Parker,PG
Chandler Parsons,SF
Lamar Patterson,SG
Patrick Patterson,PF
Chris Paul,PG
Adreian Payne,PF
Cameron Payne,PG
Elfrid Payton,PG
Nikola Pekovic,C
Kendrick Perkins,C
Paul Pierce,SF
Tibor Pleiss,C
Mason Plumlee,C
Miles Plumlee,C
Otto Porter,SF
Bobby Portis,PF
Kristaps Porzingis,PF
Dwight Powell,PF
Norman Powell,SG
Phil Pressey,PG
Phil Pressey,PG
Phil Pressey,PG
Ronnie Price,PG
Pablo Prigioni,PG
Tayshaun Prince,SF
Julius Randle,PF
Zach Randolph,PF
J.J. Redick,SG
Willie Reed,C
Josh Richardson,SG
Austin Rivers,SG
Andre Roberson,SG
Brian Roberts,PG
Brian Roberts,PG
Brian Roberts,PG
Glenn Robinson,SF
Nate Robinson,PG
Thomas Robinson,PF
Rajon Rondo,PG
Derrick Rose,PG
Terrence Ross,SF
Terry Rozier,PG
Ricky Rubio,PG
Damjan Rudez,SF
Brandon Rush,SG
D'Angelo Russell,PG
Robert Sacre,C
JaKarr Sampson,SF
JaKarr Sampson,SF
JaKarr Sampson,SF
Dennis Schroder,PG
Luis Scola,PF
Mike Scott,PF
Thabo Sefolosha,SF
Kevin Seraphin,C
Ramon Sessions,PG
Iman Shumpert,SG
Jonathon Simmons,SG
Henry Sims,C
Kyle Singler,SF
Donald Sloan,PG
Marcus Smart,PG
Greg Smith,PF
Ish Smith,PG
Ish Smith,PG
Ish Smith,PG
J.R. Smith,SG
Jason Smith,C
Josh Smith,PF
Josh Smith,PF
Josh Smith,PF
Russ Smith,PG
Tony Snell,SF
Marreese Speights,C
Tiago Splitter,C
Nik Stauskas,SG
Lance Stephenson,SF
Lance Stephenson,SF
Lance Stephenson,SF
Alex Stepheson,PF
Alex Stepheson,PF
Alex Stepheson,PF
Jarnell Stokes,C
Jarnell Stokes,C
Jarnell Stokes,C
Amar'e Stoudemire,C
Rodney Stuckey,PG
Jared Sullinger,PF
Walter Tavares,C
Jeff Teague,PG
Mirza Teletovic,PF
Garrett Temple,SF
Jason Terry,SG
Isaiah Thomas,PG
Lance Thomas,PF
Hollis Thompson,SG
Jason Thompson,C
Jason Thompson,C
Jason Thompson,C
Klay Thompson,SG
Tristan Thompson,PF
Marcus Thornton,SG
Marcus Thornton,SG
Marcus Thornton,SG
Anthony Tolliver,PF
Axel Toupane,SF
Karl-Anthony Towns,C
P.J. Tucker,SF
Evan Turner,SG
Myles Turner,C
Beno Udrih,PG
Beno Udrih,PG
Beno Udrih,PG
Jonas Valanciunas,C
Anderson Varejao,C
Anderson Varejao,C
Anderson Varejao,C
Greivis Vasquez,PG
Rashad Vaughn,SG
Charlie Villanueva,PF
Noah Vonleh,PF
Nikola Vucevic,C
Sasha Vujacic,SG
Dwyane Wade,SG
Dion Waiters,SG
Kemba Walker,PG
John Wall,PG
T.J. Warren,SF
C.J. Watson,PG
Briante Weber,PG
Briante Weber,PG
Briante Weber,PG
Sonny Weems,SG
Sonny Weems,SG
Sonny Weems,SF
David West,PF
Russell Westbrook,PG
Hassan Whiteside,C
Shayne Whittington,PF
Andrew Wiggins,SF
C.J. Wilcox,SG
Alan Williams,PF
Deron Williams,PG
Derrick Williams,SF
Elliot Williams,PG
Lou Williams,SG
Marvin Williams,PF
Mo Williams,PG
Justise Winslow,SF
Jeff Withey,C
Christian Wood,PF
Metta World Peace,SF
Brandan Wright,PF
Delon Wright,PG
Tony Wroten,PG
James Young,SG
Joe Young,PG
Nick Young,SG
Thaddeus Young,PF
Cody Zeller,C
Tyler Zeller,C
